{
  "//": "This file was generated by the `vercel build` command. It is not part of the Build Output API.",
  "target": "preview",
  "argv": [
    "C:\\Program Files\\nodejs\\node.exe",
    "C:\\Users\\manue\\AppData\\Local\\npm-cache\\_npx\\69f9afb961c37556\\node_modules\\vercel\\dist\\vc.js",
    "build"
  ],
  "builds": [
    {
      "require": "@vercel/next",
      "requirePath": "C:\\Users\\manue\\AppData\\Local\\npm-cache\\_npx\\69f9afb961c37556\\node_modules\\@vercel\\next\\dist\\index",
      "apiVersion": 2,
      "src": "package.json",
      "use": "@vercel/next",
      "config": {
        "zeroConfig": true,
        "framework": "nextjs"
      },
      "error": {
        "name": "Error",
        "stack": "Error: Unable to find lambda for route: /pages/reclamos\n    at C:\\Users\\manue\\AppData\\Local\\npm-cache\\_npx\\69f9afb961c37556\\node_modules\\@vercel\\next\\dist\\index.js:12639:13\n    at C:\\Users\\manue\\AppData\\Local\\npm-cache\\_npx\\69f9afb961c37556\\node_modules\\@vercel\\next\\dist\\index.js:15231:18\n    at Array.map (<anonymous>)\n    at serverBuild (C:\\Users\\manue\\AppData\\Local\\npm-cache\\_npx\\69f9afb961c37556\\node_modules\\@vercel\\next\\dist\\index.js:15230:49)\n    at async _Span.trace (C:\\Users\\manue\\AppData\\Local\\npm-cache\\_npx\\69f9afb961c37556\\node_modules\\@vercel\\build-utils\\dist\\index.js:24542:14)\n    at async doBuild (C:\\Users\\manue\\AppData\\Local\\npm-cache\\_npx\\69f9afb961c37556\\node_modules\\vercel\\dist\\index.js:147091:23)\n    at async _Span.trace (C:\\Users\\manue\\AppData\\Local\\npm-cache\\_npx\\69f9afb961c37556\\node_modules\\@vercel\\build-utils\\dist\\index.js:24542:14)\n    at async main3 (C:\\Users\\manue\\AppData\\Local\\npm-cache\\_npx\\69f9afb961c37556\\node_modules\\vercel\\dist\\index.js:146870:7)\n    at async main17 (C:\\Users\\manue\\AppData\\Local\\npm-cache\\_npx\\69f9afb961c37556\\node_modules\\vercel\\dist\\index.js:186479:19)",
        "message": "Unable to find lambda for route: /pages/reclamos",
        "hideStackTrace": true,
        "code": "NEXT_MISSING_LAMBDA"
      }
    }
  ],
  "error": {
    "name": "Error",
    "stack": "Error: Unable to find lambda for route: /pages/reclamos\n    at C:\\Users\\manue\\AppData\\Local\\npm-cache\\_npx\\69f9afb961c37556\\node_modules\\@vercel\\next\\dist\\index.js:12639:13\n    at C:\\Users\\manue\\AppData\\Local\\npm-cache\\_npx\\69f9afb961c37556\\node_modules\\@vercel\\next\\dist\\index.js:15231:18\n    at Array.map (<anonymous>)\n    at serverBuild (C:\\Users\\manue\\AppData\\Local\\npm-cache\\_npx\\69f9afb961c37556\\node_modules\\@vercel\\next\\dist\\index.js:15230:49)\n    at async _Span.trace (C:\\Users\\manue\\AppData\\Local\\npm-cache\\_npx\\69f9afb961c37556\\node_modules\\@vercel\\build-utils\\dist\\index.js:24542:14)\n    at async doBuild (C:\\Users\\manue\\AppData\\Local\\npm-cache\\_npx\\69f9afb961c37556\\node_modules\\vercel\\dist\\index.js:147091:23)\n    at async _Span.trace (C:\\Users\\manue\\AppData\\Local\\npm-cache\\_npx\\69f9afb961c37556\\node_modules\\@vercel\\build-utils\\dist\\index.js:24542:14)\n    at async main3 (C:\\Users\\manue\\AppData\\Local\\npm-cache\\_npx\\69f9afb961c37556\\node_modules\\vercel\\dist\\index.js:146870:7)\n    at async main17 (C:\\Users\\manue\\AppData\\Local\\npm-cache\\_npx\\69f9afb961c37556\\node_modules\\vercel\\dist\\index.js:186479:19)",
    "message": "Unable to find lambda for route: /pages/reclamos",
    "hideStackTrace": true,
    "code": "NEXT_MISSING_LAMBDA"
  }
}
