[{"name":"vc.builder.install","duration":3048141,"timestamp":1101142629665,"id":"5838add7-78f9-4535-9234-c4141cea2cc1","parentId":"60adc838-ef69-4331-90e7-5cebf16c235e","tags":{"cliType":"npm","lockfileVersion":"3"},"startTime":1758641523239},{"name":"vc.builder.build","duration":23213524,"timestamp":1101145680583,"id":"2ff1be29-5dc4-4c36-95b8-c4380b28be38","parentId":"60adc838-ef69-4331-90e7-5cebf16c235e","tags":{"buildScriptName":"build"},"startTime":1758641526290},{"name":"vc.builder","duration":29324518,"timestamp":1101142609544,"id":"60adc838-ef69-4331-90e7-5cebf16c235e","parentId":"49ae72c4-38fa-4c86-acd4-a3965d8d280f","tags":{"name":"@vercel/next","install":"true","build":"true"},"startTime":1758641523219},{"name":"vc.builder.diagnostics","duration":2167,"timestamp":1101171934150,"id":"fe274047-d23e-44f0-ad47-af748cc1994b","parentId":"60adc838-ef69-4331-90e7-5cebf16c235e","tags":{},"startTime":1758641552544},{"name":"vc.doBuild","duration":29839738,"timestamp":1101142110679,"id":"49ae72c4-38fa-4c86-acd4-a3965d8d280f","parentId":"0aefc6a9-c8a1-4505-84a8-7d887219a6db","tags":{},"startTime":1758641522720},{"name":"vc","duration":29917419,"timestamp":1101142033018,"id":"0aefc6a9-c8a1-4505-84a8-7d887219a6db","tags":{},"startTime":1758641522643}]