<?xml version="1.0"?>
<AUTORIZACION>
<CAF version="1.0">
<DA>
<RE>78255686-K</RE>
<RS>LOS C�CERES SPA</RS>
<TD>39</TD>
<RNG><D>1</D><H>200</H></RNG>
<FA>2025-09-28</FA>
<RSAPK><M>v94Xu3NDA/cAyUk3T/xp3gXHNDmWiY7P1hVX0Bgzm+QnBtPcCfWiVSM/QyYZuX4bAJbqDAqa9B5n2KoH0yhZqw==</M><E>Aw==</E></RSAPK>
<IDK>100</IDK>
</DA>
<FRMA algoritmo="SHA1withRSA">qHz3yPCX7J39O3M1/WXoMYrn39Ps1JGh4O8Ij4iaKeMa+UDItEH9u41Yo8sAA5AhCwARfX/9uhCMMhPQbFbw4A==</FRMA>
</CAF>
<RSASK>-----BEGIN RSA PRIVATE KEY-----
MIIBOQIBAAJBAL/eF7tzQwP3AMlJN0/8ad4FxzQ5lomOz9YVV9AYM5vkJwbT3An1
olUjP0MmGbl+GwCW6gwKmvQeZ9iqB9MoWasCAQMCQH/pZSeiLK1PVduGJN/9m+lZ
L3gmZFu0io645TVld71Bm+aae7/OFpVeKBdLMhyOHhO9c2NtH54xKbv+Xb/IVVsC
IQDzQbu81rTRlMtDiAq3f8NaPNlR0aGc71gu0XC2cpWUjQIhAMnrMGWTi67gSr+Y
KpcO5ZOmIWslRU6XfHptO8TA5kUXAiEAoivSfeR4i7iHglqxz6qCPCiQ4TZrvfTl
dIugeaG5DbMCIQCGnMruYl0fQDHVEBxktJkNGWucw4OJulL8SNKDK0QuDwIgAThW
PgkyT/tcntP1djjehYqjqTt+t4n+VZ9BLC9IX1s=
-----END RSA PRIVATE KEY-----
</RSASK>

<RSAPUBK>-----BEGIN PUBLIC KEY-----
MFowDQYJKoZIhvcNAQEBBQADSQAwRgJBAL/eF7tzQwP3AMlJN0/8ad4FxzQ5lomO
z9YVV9AYM5vkJwbT3An1olUjP0MmGbl+GwCW6gwKmvQeZ9iqB9MoWasCAQM=
-----END PUBLIC KEY-----
</RSAPUBK>
</AUTORIZACION>
