<?xml version="1.0"?>
<AUTORIZACION>
<CAF version="1.0">
<DA>
<RE>78255686-K</RE>
<RS>LOS C�CERES SPA</RS>
<TD>41</TD>
<RNG><D>1</D><H>200</H></RNG>
<FA>2025-09-28</FA>
<RSAPK><M>vU7nn5+FlmXnGVmZecb5JAzN96/vgj8/CyBgl70hVxlWleMNz1nthFesBMFvuSZCpMXrrMkRiroA/zO+ArF+sQ==</M><E>Aw==</E></RSAPK>
<IDK>100</IDK>
</DA>
<FRMA algoritmo="SHA1withRSA">AVrt2b6ouKeW5C7wIMWCcQPcBpN8VHtPql1iec6+lzklC8Gp1pZWVbRNRftocE6dMHm6ELN2vtN/optgryP+iQ==</FRMA>
</CAF>
<RSASK>-----BEGIN RSA PRIVATE KEY-----
MIIBOgIBAAJBAL1O55+fhZZl5xlZmXnG+SQMzfev74I/PwsgYJe9IVcZVpXjDc9Z
7YRXrATBb7kmQqTF66zJEYq6AP8zvgKxfrECAQMCQH40mmpqWQ7umhDmZlEvUMKz
M/p1SlbU1LIVlbp+FjoPvsWmOPYx+Rn6i3YCXlGlIsZQVk2XIaikrPZS7FRlE6MC
IQDhy+dAgrQdzNsp+F5wiKGKw9mMXMjGiPvcqmcAdyvYGwIhANahgnfbWtoQhLDb
X3G2DQO3c93bnZiExyDjUFsM7gkjAiEAlofvgFcivoiSG/rpoFsWXIKRCD3bLwX9
PcbvVaTH5WcCIQCPFlb6kjyRYFh155T2eV4Cek0+kmkQWITAl4rnXfQGFwIhAMD/
AqrkbZP+HRzh7JUd0vQqMcgn7Wv6ccv0Hosar0PZ
-----END RSA PRIVATE KEY-----
</RSASK>

<RSAPUBK>-----BEGIN PUBLIC KEY-----
MFowDQYJKoZIhvcNAQEBBQADSQAwRgJBAL1O55+fhZZl5xlZmXnG+SQMzfev74I/
PwsgYJe9IVcZVpXjDc9Z7YRXrATBb7kmQqTF66zJEYq6AP8zvgKxfrECAQM=
-----END PUBLIC KEY-----
</RSAPUBK>
</AUTORIZACION>
